cabinet,type,name type,scientific name,common name,number,taxonomic classification,taxonomic classifivation
1.01,i,scientific,odocoileus virginianus,,,,"['Animalia', 'Bilateria', 'Deuterostomia', 'Chordata', 'Vertebrata', 'Gnathostomata', 'Tetrapoda', 'Mammalia', 'Theria', 'Eutheria', 'Artiodactyla', 'Cervidae', 'Capreolinae', 'Odocoileus', 'Odocoileus virginianus', 'Odocoileus virginianus acapulcensis', 'Odocoileus virginianus borealis', 'Odocoileus virginianus cariacou', 'Odocoileus virginianus carminis', 'Odocoileus virginianus chiriquensis', 'Odocoileus virginianus clavium', 'Odocoileus virginianus couesi', 'Odocoileus virginianus curassavicus', 'Odocoileus virginianus dacotensis', 'Odocoileus virginianus goudotii', 'Odocoileus virginianus gymnotis', 'Odocoileus virginianus hiltonensis', 'Odocoileus virginianus leucurus', 'Odocoileus virginianus macrourus', 'Odocoileus virginianus margaritae', 'Odocoileus virginianus mcilhennyi', 'Odocoileus virginianus mexicanus', 'Odocoileus virginianus miquihuanensis', 'Odocoileus virginianus nelsoni', 'Odocoileus virginianus nemoralis', 'Odocoileus virginianus nigribarbis', 'Odocoileus virginianus oaxacensis', 'Odocoileus virginianus ochrourus', 'Odocoileus virginianus osceola', 'Odocoileus virginianus peruvianus', 'Odocoileus virginianus rothschildi', 'Odocoileus virginianus seminolus', 'Odocoileus virginianus sinaloae', 'Odocoileus virginianus taurinsulae', 'Odocoileus virginianus texanus', 'Odocoileus virginianus thomasi', 'Odocoileus virginianus toltecus', 'Odocoileus virginianus tropicalis', 'Odocoileus virginianus ustus', 'Odocoileus virginianus venatorius', 'Odocoileus virginianus veraecrucis', 'Odocoileus virginianus virginianus', 'Odocoileus virginianus yucatanensis']"
1.02,a,common,cervus canadensis,elk,,,FIX
1.03,a,common,rangifer tarandas,reindeer,3.0,,FIX
1.03,i,common,megaloceros giganteus,irish elk,,,FIX
1.03,a,common,megaloceros giganteus,irish elk,,,FIX
1.03,i,scientific,alces alces,,,,"['Animalia', 'Bilateria', 'Deuterostomia', 'Chordata', 'Vertebrata', 'Gnathostomata', 'Tetrapoda', 'Mammalia', 'Theria', 'Eutheria', 'Artiodactyla', 'Cervidae', 'Capreolinae', 'Alces', 'Alces alces', 'Alces alces alces', 'Alces alces caucasicus']"
1.03,i,scientific,rangifer tarandus,,,,"['Animalia', 'Bilateria', 'Deuterostomia', 'Chordata', 'Vertebrata', 'Gnathostomata', 'Tetrapoda', 'Mammalia', 'Theria', 'Eutheria', 'Artiodactyla', 'Cervidae', 'Capreolinae', 'Rangifer', 'Rangifer tarandus', 'Rangifer tarandus buskensis', 'Rangifer tarandus caboti', 'Rangifer tarandus caribou', 'Rangifer tarandus dawsoni', 'Rangifer tarandus fennicus', 'Rangifer tarandus groenlandicus', 'Rangifer tarandus osborni', 'Rangifer tarandus pearsoni', 'Rangifer tarandus pearyi', 'Rangifer tarandus phylarchus', 'Rangifer tarandus platyrhynchus', 'Rangifer tarandus sibiricus', 'Rangifer tarandus tarandus', 'Rangifer tarandus terraenovae']"
1.03,i,scientific,dama dama,,,,"['Animalia', 'Bilateria', 'Deuterostomia', 'Chordata', 'Vertebrata', 'Gnathostomata', 'Tetrapoda', 'Mammalia', 'Theria', 'Eutheria', 'Artiodactyla', 'Cervidae', 'Cervinae', 'Dama', 'Dama dama', 'Dama dama dama', 'Dama dama mesopotamica']"
1.04,i,common,giraffa camelopardalis reticulata,reticulated giraffe,,,FIX
1.04,a,scientific,alcelaphus buselaphus,,,,"['Animalia', 'Bilateria', 'Deuterostomia', 'Chordata', 'Vertebrata', 'Gnathostomata', 'Tetrapoda', 'Mammalia', 'Theria', 'Eutheria', 'Artiodactyla', 'Bovidae', 'Alcelaphinae', 'Alcelaphus', 'Alcelaphus buselaphus', 'Alcelaphus buselaphus buselaphus', 'Alcelaphus buselaphus cokii', 'Alcelaphus buselaphus lelwel', 'Alcelaphus buselaphus major', 'Alcelaphus buselaphus swaynei', 'Alcelaphus buselaphus tora']"
1.04,a,scientific,giraffa camelopardalis,,,,"['Animalia', 'Bilateria', 'Deuterostomia', 'Chordata', 'Vertebrata', 'Gnathostomata', 'Tetrapoda', 'Mammalia', 'Theria', 'Eutheria', 'Artiodactyla', 'Giraffidae', 'Giraffa', 'Giraffa camelopardalis', 'Giraffa camelopardalis antiquorum', 'Giraffa camelopardalis camelopardalis', 'Giraffa camelopardalis peralta']"
1.05,a,scientific,equus caballus,,,,"['Animalia', 'Bilateria', 'Deuterostomia', 'Chordata', 'Vertebrata', 'Gnathostomata', 'Tetrapoda', 'Mammalia', 'Theria', 'Eutheria', 'Perissodactyla', 'Equidae', 'Equus', 'Equus (Equus)', 'Equus caballus']"
1.05,a,scientific,mesohippus,,,,FIX
1.05,a,common,equus,horse,,,FIX
1.06,i,common,bison bison,plains bison,,,FIX
1.06,a,scientific,syncerus caffer,,,,"['Animalia', 'Bilateria', 'Deuterostomia', 'Chordata', 'Vertebrata', 'Gnathostomata', 'Tetrapoda', 'Mammalia', 'Theria', 'Eutheria', 'Artiodactyla', 'Bovidae', 'Bovinae', 'Syncerus', 'Syncerus caffer', 'Syncerus caffer aequinoctialis', 'Syncerus caffer brachyceros', 'Syncerus caffer caffer', 'Syncerus caffer matthewsi', 'Syncerus caffer nanus']"
1.07,a,scientific,capra hircus,,,,"['Animalia', 'Bilateria', 'Deuterostomia', 'Chordata', 'Vertebrata', 'Gnathostomata', 'Tetrapoda', 'Mammalia', 'Theria', 'Eutheria', 'Artiodactyla', 'Bovidae', 'Caprinae', 'Capra', 'Capra hircus', 'Capra hircus aegagrus', 'Capra hircus chialtanensis', 'Capra hircus cretica', 'Capra hircus hircus', 'Capra hircus jourensis', 'Capra hircus picta']"
1.07,a,scientific,alcelaphus buselaphus,,,,"['Animalia', 'Bilateria', 'Deuterostomia', 'Chordata', 'Vertebrata', 'Gnathostomata', 'Tetrapoda', 'Mammalia', 'Theria', 'Eutheria', 'Artiodactyla', 'Bovidae', 'Alcelaphinae', 'Alcelaphus', 'Alcelaphus buselaphus', 'Alcelaphus buselaphus buselaphus', 'Alcelaphus buselaphus cokii', 'Alcelaphus buselaphus lelwel', 'Alcelaphus buselaphus major', 'Alcelaphus buselaphus swaynei', 'Alcelaphus buselaphus tora']"
1.07,i,scientific,bubalus bubalis,,,,"['Animalia', 'Bilateria', 'Deuterostomia', 'Chordata', 'Vertebrata', 'Gnathostomata', 'Tetrapoda', 'Mammalia', 'Theria', 'Eutheria', 'Artiodactyla', 'Bovidae', 'Bovinae', 'Bubalus', 'Bubalus bubalis', 'Bubalus bubalis arnee', 'Bubalus bubalis bubalis', 'Bubalus bubalis fulvus', 'Bubalus bubalis kerabau', 'Bubalus bubalis migona', 'Bubalus bubalis theerapati']"
1.08,i,scientific,oreamnos americanus,,,,"['Animalia', 'Bilateria', 'Deuterostomia', 'Chordata', 'Vertebrata', 'Gnathostomata', 'Tetrapoda', 'Mammalia', 'Theria', 'Eutheria', 'Artiodactyla', 'Bovidae', 'Caprinae', 'Oreamnos', 'Oreamnos americanus']"
1.08,a,scientific,oreamnos americanus,,,,"['Animalia', 'Bilateria', 'Deuterostomia', 'Chordata', 'Vertebrata', 'Gnathostomata', 'Tetrapoda', 'Mammalia', 'Theria', 'Eutheria', 'Artiodactyla', 'Bovidae', 'Caprinae', 'Oreamnos', 'Oreamnos americanus']"
1.08,a,common,capra aegagrus hircus,goat,,,FIX
1.08,a,scientific,capra ibex,,,,"['Animalia', 'Bilateria', 'Deuterostomia', 'Chordata', 'Vertebrata', 'Gnathostomata', 'Tetrapoda', 'Mammalia', 'Theria', 'Eutheria', 'Artiodactyla', 'Bovidae', 'Caprinae', 'Capra', 'Capra ibex']"
1.08,a,scientific,ovis aries,,,,"['Animalia', 'Bilateria', 'Deuterostomia', 'Chordata', 'Vertebrata', 'Gnathostomata', 'Tetrapoda', 'Mammalia', 'Theria', 'Eutheria', 'Artiodactyla', 'Bovidae', 'Caprinae', 'Ovis', 'Ovis aries', 'Ovis aries aries', 'Ovis aries arkal', 'Ovis aries cycloceros', 'Ovis aries isphahanica', 'Ovis aries laristanica', 'Ovis aries musimon', 'Ovis aries ophion', 'Ovis aries orientalis', 'Ovis aries vignei']"
1.09,a,scientific,odobenus rosmarus,,,,"['Animalia', 'Bilateria', 'Deuterostomia', 'Chordata', 'Vertebrata', 'Gnathostomata', 'Tetrapoda', 'Mammalia', 'Theria', 'Eutheria', 'Carnivora', 'Caniformia', 'Odobenidae', 'Odobenus', 'Odobenus rosmarus', 'Odobenus rosmarus divergens', 'Odobenus rosmarus rosmarus']"
1.09,a,scientific,didelphis virginiana,,,,"['Animalia', 'Bilateria', 'Deuterostomia', 'Chordata', 'Vertebrata', 'Gnathostomata', 'Tetrapoda', 'Mammalia', 'Theria', 'Metatheria', 'Didelphimorphia', 'Didelphidae', 'Didelphinae', 'Didelphini', 'Didelphis', 'Didelphis virginiana', 'Didelphis virginiana californica', 'Didelphis virginiana pigra', 'Didelphis virginiana virginiana', 'Didelphis virginiana yucatanensis']"
1.09,a,scientific,hydrurga leptonyx,,,,"['Animalia', 'Bilateria', 'Deuterostomia', 'Chordata', 'Vertebrata', 'Gnathostomata', 'Tetrapoda', 'Mammalia', 'Theria', 'Eutheria', 'Carnivora', 'Caniformia', 'Phocidae', 'Hydrurga', 'Hydrurga leptonyx']"
1.09,a,common,erethizon dorsatum,north american porcupine,,,FIX
1.09,a,scientific,loxodonta africana,,,,"['Animalia', 'Bilateria', 'Deuterostomia', 'Chordata', 'Vertebrata', 'Gnathostomata', 'Tetrapoda', 'Mammalia', 'Theria', 'Eutheria', 'Proboscidea', 'Elephantidae', 'Loxodonta', 'Loxodonta africana']"
1.09,i,scientific,ovibos moschatus,,,,"['Animalia', 'Bilateria', 'Deuterostomia', 'Chordata', 'Vertebrata', 'Gnathostomata', 'Tetrapoda', 'Mammalia', 'Theria', 'Eutheria', 'Artiodactyla', 'Bovidae', 'Caprinae', 'Ovibos', 'Ovibos moschatus']"
1.10,i,common,bison bison,plains bison,,,FIX
1.11,i,scientific,oreamnos americanus,,,,"['Animalia', 'Bilateria', 'Deuterostomia', 'Chordata', 'Vertebrata', 'Gnathostomata', 'Tetrapoda', 'Mammalia', 'Theria', 'Eutheria', 'Artiodactyla', 'Bovidae', 'Caprinae', 'Oreamnos', 'Oreamnos americanus']"
1.12,i,scientific,oryx dammah,,,,"['Animalia', 'Bilateria', 'Deuterostomia', 'Chordata', 'Vertebrata', 'Gnathostomata', 'Tetrapoda', 'Mammalia', 'Theria', 'Eutheria', 'Artiodactyla', 'Bovidae', 'Hippotraginae', 'Oryx', 'Oryx dammah']"
1.13,a,scientific,mirounga leonina,,,,"['Animalia', 'Bilateria', 'Deuterostomia', 'Chordata', 'Vertebrata', 'Gnathostomata', 'Tetrapoda', 'Mammalia', 'Theria', 'Eutheria', 'Carnivora', 'Caniformia', 'Phocidae', 'Mirounga', 'Mirounga leonina']"
1.13,a,common,rhea,ostrich,,,"['Animalia', 'Bilateria', 'Protostomia', 'Ecdysozoa', 'Nematoda', 'Chromadorea', 'Chromadoria', 'Desmodorida', 'Desmodoridae', 'Eubostrichus', 'Eubostrichus cobbi', 'Eubostrichus exilis', 'Eubostrichus filiformis', 'Eubostrichus guernei', 'Eubostrichus parasitiferus', 'Eubostrichus phalacrus']"
1.13,a,common,,turtle,,,"['Animalia', 'Cnidaria', 'Anthozoa', 'Anthozoa', 'Hexacorallia', 'Scleractinia', 'Astrocoeniina', 'Acroporidae', 'Montipora', 'Montipora turtlensis']"
1.13,a,scientific,phocoena phocoena,,,,"['Animalia', 'Bilateria', 'Deuterostomia', 'Chordata', 'Vertebrata', 'Gnathostomata', 'Tetrapoda', 'Mammalia', 'Theria', 'Eutheria', 'Cetacea', 'Odontoceti', 'Phocoenidae', 'Phocoena', 'Phocoena phocoena', 'Phocoena phocoena phocoena', 'Phocoena phocoena relicta', 'Phocoena phocoena vomerina']"
1.13,i,scientific,ovis dalli dalli,,,,"['Animalia', 'Bilateria', 'Deuterostomia', 'Chordata', 'Vertebrata', 'Gnathostomata', 'Tetrapoda', 'Mammalia', 'Theria', 'Eutheria', 'Artiodactyla', 'Bovidae', 'Caprinae', 'Ovis', 'Ovis dalli', 'Ovis dalli dalli']"
1.14,i,scientific,ovis dalli stonei,,,,"['Animalia', 'Bilateria', 'Deuterostomia', 'Chordata', 'Vertebrata', 'Gnathostomata', 'Tetrapoda', 'Mammalia', 'Theria', 'Eutheria', 'Artiodactyla', 'Bovidae', 'Caprinae', 'Ovis', 'Ovis dalli', 'Ovis dalli stonei']"
1.14,a,scientific,ornithorhynchus anatinus,,,,"['Animalia', 'Bilateria', 'Deuterostomia', 'Chordata', 'Vertebrata', 'Gnathostomata', 'Tetrapoda', 'Mammalia', 'Prototheria', 'Monotremata', 'Ornithorhynchidae', 'Ornithorhynchus', 'Ornithorhynchus anatinus']"
1.14,a,common,crotalus,rattlesnake,,,FIX
1.14,a,common,,bird,,,FIX
1.14,a,common,pholidota manidae,pangolin,,,FIX
1.14,a,scientific,phacochoerus aethiopicus,,,,"['Animalia', 'Bilateria', 'Deuterostomia', 'Chordata', 'Vertebrata', 'Gnathostomata', 'Tetrapoda', 'Mammalia', 'Theria', 'Eutheria', 'Artiodactyla', 'Suidae', 'Suinae', 'Phacochoerini', 'Phacochoerus', 'Phacochoerus aethiopicus', 'Phacochoerus aethiopicus aethiopicus', 'Phacochoerus aethiopicus delamerei']"
1.14,a,scientific,erinaceus,,,,"['Animalia', 'Porifera', 'Calcarea', 'Calcaronea', 'Leucosolenida', 'Heteropiidae', 'Grantessa', 'Grantessa erinaceus']"
1.15,a,scientific,ovis canadensis,,4.0,,"['Animalia', 'Bilateria', 'Deuterostomia', 'Chordata', 'Vertebrata', 'Gnathostomata', 'Tetrapoda', 'Mammalia', 'Theria', 'Eutheria', 'Artiodactyla', 'Bovidae', 'Caprinae', 'Ovis', 'Ovis canadensis', 'Ovis canadensis auduboni', 'Ovis canadensis californiana', 'Ovis canadensis canadensis', 'Ovis canadensis cremnobates', 'Ovis canadensis mexicana', 'Ovis canadensis nelsoni', 'Ovis canadensis sierrae', 'Ovis canadensis weemsi']"
1.16,i,scientific,ovis canadensis,,,,"['Animalia', 'Bilateria', 'Deuterostomia', 'Chordata', 'Vertebrata', 'Gnathostomata', 'Tetrapoda', 'Mammalia', 'Theria', 'Eutheria', 'Artiodactyla', 'Bovidae', 'Caprinae', 'Ovis', 'Ovis canadensis', 'Ovis canadensis auduboni', 'Ovis canadensis californiana', 'Ovis canadensis canadensis', 'Ovis canadensis cremnobates', 'Ovis canadensis mexicana', 'Ovis canadensis nelsoni', 'Ovis canadensis sierrae', 'Ovis canadensis weemsi']"
1.16,a,scientific,ovis canadensis,,,,"['Animalia', 'Bilateria', 'Deuterostomia', 'Chordata', 'Vertebrata', 'Gnathostomata', 'Tetrapoda', 'Mammalia', 'Theria', 'Eutheria', 'Artiodactyla', 'Bovidae', 'Caprinae', 'Ovis', 'Ovis canadensis', 'Ovis canadensis auduboni', 'Ovis canadensis californiana', 'Ovis canadensis canadensis', 'Ovis canadensis cremnobates', 'Ovis canadensis mexicana', 'Ovis canadensis nelsoni', 'Ovis canadensis sierrae', 'Ovis canadensis weemsi']"
1.16,a,scientific,antilocapra americana,,,,"['Animalia', 'Bilateria', 'Deuterostomia', 'Chordata', 'Vertebrata', 'Gnathostomata', 'Tetrapoda', 'Mammalia', 'Theria', 'Eutheria', 'Artiodactyla', 'Antilocapridae', 'Antilocapra', 'Antilocapra americana', 'Antilocapra americana peninsularis']"
1.16,a,scientific,antilocapra americana,,,,"['Animalia', 'Bilateria', 'Deuterostomia', 'Chordata', 'Vertebrata', 'Gnathostomata', 'Tetrapoda', 'Mammalia', 'Theria', 'Eutheria', 'Artiodactyla', 'Antilocapridae', 'Antilocapra', 'Antilocapra americana', 'Antilocapra americana peninsularis']"
1.16,a,scientific,ovis dalli,,,,"['Animalia', 'Bilateria', 'Deuterostomia', 'Chordata', 'Vertebrata', 'Gnathostomata', 'Tetrapoda', 'Mammalia', 'Theria', 'Eutheria', 'Artiodactyla', 'Bovidae', 'Caprinae', 'Ovis', 'Ovis dalli', 'Ovis dalli dalli', 'Ovis dalli stonei']"
1.17,a,scientific,ovis dalli stonei,,4.0,,"['Animalia', 'Bilateria', 'Deuterostomia', 'Chordata', 'Vertebrata', 'Gnathostomata', 'Tetrapoda', 'Mammalia', 'Theria', 'Eutheria', 'Artiodactyla', 'Bovidae', 'Caprinae', 'Ovis', 'Ovis dalli', 'Ovis dalli stonei']"
1.18,i,scientific,eubalaena glacialis,,,,"['Animalia', 'Bilateria', 'Deuterostomia', 'Chordata', 'Vertebrata', 'Gnathostomata', 'Tetrapoda', 'Mammalia', 'Theria', 'Eutheria', 'Cetacea', 'Mysticeti', 'Balaenidae', 'Eubalaena', 'Eubalaena glacialis']"
1.18,a,scientific,ourebia ourebi,oribi,,,"['Animalia', 'Bilateria', 'Deuterostomia', 'Chordata', 'Vertebrata', 'Gnathostomata', 'Tetrapoda', 'Mammalia', 'Theria', 'Eutheria', 'Artiodactyla', 'Bovidae', 'Antilopinae', 'Ourebia', 'Ourebia ourebi', 'Ourebia ourebi dorcas', 'Ourebia ourebi gallarum', 'Ourebia ourebi haggardi', 'Ourebia ourebi hastata', 'Ourebia ourebi montana', 'Ourebia ourebi ourebi', 'Ourebia ourebi quadriscopa', 'Ourebia ourebi rutila']"
1.18,a,scientific,ziphius cavirostris,,,,"['Animalia', 'Bilateria', 'Deuterostomia', 'Chordata', 'Vertebrata', 'Gnathostomata', 'Tetrapoda', 'Mammalia', 'Theria', 'Eutheria', 'Cetacea', 'Odontoceti', 'Hyperoodontidae', 'Ziphius', 'Ziphius cavirostris']"
1.19,a,scientific,hippopotamus amphibius,cuvier's beaked whale,,,"['Animalia', 'Bilateria', 'Deuterostomia', 'Chordata', 'Vertebrata', 'Gnathostomata', 'Tetrapoda', 'Mammalia', 'Theria', 'Eutheria', 'Artiodactyla', 'Hippopotamidae', 'Hippopotamus', 'Hippopotamus amphibius', 'Hippopotamus amphibius amphibius', 'Hippopotamus amphibius capensis', 'Hippopotamus amphibius kiboko']"
1.19,a,common,mesopladon carlshubbi,beaked whale,,,FIX
1.19,i,common,mesopladon carlshubbi,beaked whale,,,FIX
1.20,i,scientific,phocoenoides dallie,dall's porpoise,,,FIX
1.21,i,scientific,orcinus orca,,,,"['Animalia', 'Bilateria', 'Deuterostomia', 'Chordata', 'Vertebrata', 'Gnathostomata', 'Tetrapoda', 'Mammalia', 'Theria', 'Eutheria', 'Cetacea', 'Odontoceti', 'Delphinidae', 'Orcinus', 'Orcinus orca']"
2.01-2.03,a,common,,common cuckoo,,,FIX
2.01-2.03,a,common,,chestnut-sided warbler,,,FIX
2.01-2.03,a,common,,bobolink,,,FIX
2.01-2.03,a,common,,pine grosbeak,,,FIX
2.01-2.03,a,common,,ruby-throated hummingbird,,,FIX
2.01-2.03,a,common,,goldfinch,,,"['Animalia', 'Bilateria', 'Protostomia', 'Ecdysozoa', 'Arthropoda', 'Hexapoda', 'Insecta', 'Pterygota', 'Neoptera', 'Holometabola', 'Lepidoptera', 'Hepialoidea', 'Hepialidae', 'Oxycanus', 'Oxycanus goldfinchi']"
2.01-2.03,a,common,,magnolia warbler,,,FIX
2.01-2.03,a,common,,ruby-throated hummingbird,,,FIX
2.01-2.03,a,common,,baltimore oriole,,,FIX
2.01-2.03,a,common,,heron,,,FIX
2.01-2.03,a,common,,snow bunting,,,FIX
2.01-2.03,a,common,,northern bobwhite,,,FIX
2.01-2.03,a,common,,yellow-headed blackbird,,,FIX
2.01-2.03,a,common,,crow,,,FIX
2.01-2.03,a,common,,blackburnian warbler,,,FIX
2.01-2.03,a,common,,black-throated green warbler,,,FIX
2.01-2.03,a,common,,ruby-throated hummingbird,,,FIX
2.01-2.03,a,common,,scarlet tanager,,,FIX
2.01-2.03,a,common,,rose-breasted grosbeak,,,FIX
2.01-2.03,a,common,,yellow warbler,,,FIX
2.01-2.03,a,common,,cedar waxwing,,,FIX
2.01-2.03,a,common,,chestnut-sided warbler,,,FIX
2.01-2.03,a,common,,american redstart,,,FIX
2.01-2.03,a,common,,ruby-throated hummingbird,,,FIX
2.01-2.03,a,common,,baltimore oriole,,,FIX
2.01-2.03,a,common,,magnolia warbler,,,FIX
2.01-2.03,a,common,,bobolink,,,FIX
2.01-2.03,a,common,,pine grosbeak,,,FIX
2.01-2.03,a,common,,red-breasted merganser,,,FIX
2.01-2.03,a,common,,greater yellowlegs,,,FIX
2.01-2.03,a,common,,sora,,,FIX
2.01-2.03,a,common,,wilson's snipe,,,FIX
2.01-2.03,a,common,,red-breasted merganser,,,FIX
2.01-2.03,a,common,,american robin,,,FIX
2.01-2.03,a,scientific,tapirus,tapir,,,FIX
2.01-2.03,a,common,,burmese python,,,FIX
2.01-2.03,a,common,,loggerhead sea turtle,,,FIX
2.01-2.03,a,common,,green sea turtle,,,FIX
2.01-2.03,a,common,,clam,,,FIX
2.01-2.03,a,common,,periwinkle,,,FIX
2.01-2.03,a,common,,periwinkle,,,FIX
2.01-2.03,a,common,,shore crab,,,FIX
2.01-2.03,a,common,,cross-barred venus,,,FIX
2.01-2.03,a,common,,mule deer,,,FIX
2.01-2.03,a,common,,eurasian sparrowhawk,,,FIX
2.01-2.03,a,common,,finch,,,"['Animalia', 'Bilateria', 'Deuterostomia', 'Chordata', 'Vertebrata', 'Gnathostomata', 'Tetrapoda', 'Amphibia', 'Anura', 'Dicroglossidae', 'Dicroglossinae', 'Limnonectes', 'Limnonectes finchi']"
2.01-2.03,a,common,,northern bobwhite,,,FIX
2.01-2.03,a,common,,white-headed duck,,,FIX
2.01-2.03,a,common,,ferruginous duck,,,FIX
2.01-2.03,a,common,,eastern meadowlark,,,FIX
2.01-2.03,a,common,,passenger pigeon,,,FIX
2.01-2.03,a,common,,scarlet tanager,,,FIX
2.01-2.03,a,common,,cedar waxwing,,,FIX
2.01-2.03,a,common,,snow bunting,,,FIX
2.01-2.03,a,common,,purple finch,,,FIX
2.01-2.03,a,common,,indigo bunting,,,FIX
2.01-2.03,a,common,,horned lark,,,FIX
2.01-2.03,a,common,,baltimore oriole,,,FIX
2.01-2.03,a,common,,baltimore oriole,,,FIX
2.01-2.03,a,common,,loggerhead shrike,,,FIX
2.01-2.03,a,common,,brown-headed cowbird,,,FIX
2.01-2.03,a,common,,common grackle,,,FIX
2.01-2.03,a,common,,greater sage-grouse,,,FIX
2.01-2.03,a,common,,greater sage-grouse,,,FIX
2.01-2.03,a,common,,grey squirrel,,,FIX
2.01-2.03,a,common,,snow bunting,,,FIX
2.01-2.03,a,common,,snow bunting,,,FIX
2.01-2.03,a,common,,grey junglefowl,,,FIX
2.01-2.03,a,common,,northern bobwhite,,,FIX
2.01-2.03,a,common,,ruffed grouse,,,FIX
2.01-2.03,a,common,,mule deer,,,FIX
2.01-2.03,a,common,,eurasian wryneck,,,FIX
2.01-2.03,a,common,,collared pratincole,,,FIX
2.01-2.03,a,common,,yellow warbler,,,FIX
2.01-2.03,a,common,,scarlet tanager,,,FIX
2.01-2.03,a,common,,ruby-throated hummingbird,,,FIX
2.01-2.03,a,common,,ring-necked pheasant,,,FIX
2.01-2.03,a,common,,eastern bluebird,,,FIX
2.01-2.03,a,common,,snow bunting,,,FIX
2.01-2.03,a,common,,snow bunting,,,FIX
2.01-2.03,a,common,,red-winged blackbird,,,FIX
2.01-2.03,a,common,,eastern meadowlark,,,FIX
2.01-2.03,a,common,,american redstart,,,FIX
2.01-2.03,a,common,,yellow-rumped warbler,,,FIX
2.01-2.03,a,common,,ruby-throated hummingbird,,,FIX
2.01-2.03,a,common,,rusty blackbird,,,FIX
2.01-2.03,a,common,,baltimore oriole,,,FIX
2.01-2.03,a,common,,ruby-throated hummingbird,,,FIX
2.01-2.03,a,common,,rusty blackbird,,,FIX
2.01-2.03,a,common,,baltimore oriole,,,FIX
2.01-2.03,a,common,,ruby-throated hummingbird,,,FIX
2.01-2.03,a,common,,yellow warbler,,,FIX
2.01-2.03,a,common,,ring-necked pheasant,,,FIX
2.01-2.03,a,common,,eastern bluebird,,,FIX
2.01-2.03,a,common,,peccary,,,FIX
2.01-2.03,a,common,,mink,,,FIX
2.01-2.03,a,common,,indian cobra,,,FIX
2.01-2.03,a,common,,snowshoe hare,,,FIX
2.01-2.03,a,scientific,serpentes,snake,,,"['Animalia', 'Bilateria', 'Deuterostomia', 'Chordata', 'Vertebrata', 'Gnathostomata', 'Tetrapoda', 'Reptilia', 'Squamata', 'Serpentes', 'Alethinophidia', 'Scolecophidia']"
2.01-2.03,a,common,,moose,,,FIX
2.01-2.03,a,common,,gemsbok,,,FIX
2.01-2.03,a,common,,diamond dove,,,FIX
2.01-2.03,a,common,,pine grosbeak,,,FIX
2.01-2.03,a,common,,eurasian bullfinch,,,FIX
2.01-2.03,a,common,,wilson's snipe,,,FIX
2.01-2.03,a,common,,blue-winged teal,,,FIX
2.01-2.03,a,common,,green-winged teal,,,FIX
2.01-2.03,a,common,,ruffed grouse,,,FIX
2.01-2.03,a,common,,northern bobwhite,,,FIX
2.01-2.03,a,common,,ruffed grouse,,,FIX
2.01-2.03,a,common,,ruffed grouse,,,FIX
2.01-2.03,a,common,,northern bobwhite,,,FIX
2.01-2.03,a,common,,ruffed grouse,,,FIX
2.01-2.03,a,common,,nine-banded armadillo,,,FIX
2.01-2.03,a,common,,monitor lizard,,,FIX
2.01-2.03,a,common,,american alligator,,,FIX
2.01-2.03,a,common,,american alligator,,,FIX
2.01-2.03,a,common,,gibbon,,,"['Animalia', 'Bilateria', 'Protostomia', 'Spiralia', 'Platyhelminthes', 'Rhabditophora', 'Trepaxonemata', 'Euneoophora', 'Acentrosomata', 'Bothrioneodermata', 'Neodermata', 'Digenea', 'Plagiorchiida', 'Opecoelata', 'Opecoelidae', 'Pseudopecoelus', 'Pseudopecoelus gibbonsiae']"
2.01-2.03,a,common,,green sea turtle,,,FIX
2.01-2.03,a,common,,magnolia warbler,,,FIX
2.01-2.03,a,common,,american redstart,,,FIX
2.01-2.03,a,common,,yellow warbler,,,FIX
2.01-2.03,a,common,,yellow-rumped warbler,,,FIX
2.01-2.03,a,common,,ruby-throated hummingbird,,,FIX
2.01-2.03,a,common,,ruby-throated hummingbird,,,FIX
2.01-2.03,a,common,,ruby-throated hummingbird,,,FIX
2.01-2.03,a,common,,snow bunting,,,FIX
2.01-2.03,a,common,,scarlet tanager,,,FIX
2.01-2.03,a,common,,chestnut-sided warbler,,,FIX
2.01-2.03,a,common,,baltimore oriole,,,FIX
2.01-2.03,a,common,,black-throated green warbler,,,FIX
2.01-2.03,a,common,,blackbird,,,FIX
2.01-2.03,a,common,,northern bobwhite,,,FIX
2.01-2.03,a,common,,bohemian waxwing,,,FIX
2.04-2.05,a,scientific,alca torda,,,,"['Animalia', 'Bilateria', 'Deuterostomia', 'Chordata', 'Vertebrata', 'Gnathostomata', 'Tetrapoda', 'Aves', 'Charadriiformes', 'Alcidae', 'Alca', 'Alca torda', 'Alca torda islandica', 'Alca torda torda']"
2.04-2.05,a,scientific,aepyornis maximus,,,,FIX
2.04-2.05,a,scientific,archilochus alexandri,,,,"['Animalia', 'Bilateria', 'Deuterostomia', 'Chordata', 'Vertebrata', 'Gnathostomata', 'Tetrapoda', 'Aves', 'Apodiformes', 'Trochilidae', 'Trochilinae', 'Archilochus', 'Archilochus alexandri']"
2.04-2.05,a,common,gallus gallus domesticus,chicken,,,FIX
2.04-2.05,a,scientific,struthio camelus,,,,"['Animalia', 'Bilateria', 'Deuterostomia', 'Chordata', 'Vertebrata', 'Gnathostomata', 'Tetrapoda', 'Aves', 'Struthioniformes', 'Struthionidae', 'Struthio', 'Struthio camelus', 'Struthio camelus australis', 'Struthio camelus camelus', 'Struthio camelus massaicus', 'Struthio camelus syriacus']"
2.04-2.05,a,scientific,berardius bairdii,,,,"['Animalia', 'Bilateria', 'Deuterostomia', 'Chordata', 'Vertebrata', 'Gnathostomata', 'Tetrapoda', 'Mammalia', 'Theria', 'Eutheria', 'Cetacea', 'Odontoceti', 'Hyperoodontidae', 'Berardius', 'Berardius bairdii']"
2.04-2.05,a,scientific,mirounga leonina,,,,"['Animalia', 'Bilateria', 'Deuterostomia', 'Chordata', 'Vertebrata', 'Gnathostomata', 'Tetrapoda', 'Mammalia', 'Theria', 'Eutheria', 'Carnivora', 'Caniformia', 'Phocidae', 'Mirounga', 'Mirounga leonina']"
2.04-2.05,a,scientific,mustela nivalis,,,,"['Animalia', 'Bilateria', 'Deuterostomia', 'Chordata', 'Vertebrata', 'Gnathostomata', 'Tetrapoda', 'Mammalia', 'Theria', 'Eutheria', 'Carnivora', 'Caniformia', 'Mustelidae', 'Mustelinae', 'Mustela', 'Mustela nivalis', 'Mustela nivalis allegheniensis', 'Mustela nivalis boccamela', 'Mustela nivalis campestris', 'Mustela nivalis caucasica', 'Mustela nivalis eskimo', 'Mustela nivalis formosana', 'Mustela nivalis heptneri', 'Mustela nivalis mosanensis', 'Mustela nivalis namiyei', 'Mustela nivalis nivalis', 'Mustela nivalis numidica', 'Mustela nivalis pallida', 'Mustela nivalis pygmaea', 'Mustela nivalis rixosa', 'Mustela nivalis rossica', 'Mustela nivalis russelliana', 'Mustela nivalis stoliczkana', 'Mustela nivalis subpalmata', 'Mustela nivalis tonkinensis', 'Mustela nivalis vulgaris']"
2.04-2.05,a,scientific,sorex hoyi hoyi,,,,"['Animalia', 'Bilateria', 'Deuterostomia', 'Chordata', 'Vertebrata', 'Gnathostomata', 'Tetrapoda', 'Mammalia', 'Theria', 'Eutheria', 'Eulipotyphla', 'Soricidae', 'Soricinae', 'Soricini', 'Sorex', 'Sorex hoyi', 'Sorex hoyi hoyi']"
2.04-2.05,a,scientific,canis lupus,,,,"['Animalia', 'Bilateria', 'Deuterostomia', 'Chordata', 'Vertebrata', 'Gnathostomata', 'Tetrapoda', 'Mammalia', 'Theria', 'Eutheria', 'Carnivora', 'Caniformia', 'Canidae', 'Canis', 'Canis lupus', 'Canis lupus albus', 'Canis lupus arabs', 'Canis lupus arctos', 'Canis lupus baileyi', 'Canis lupus chanco', 'Canis lupus columbianus', 'Canis lupus cubanensis', 'Canis lupus hattai', 'Canis lupus hodophilax', 'Canis lupus italicus', 'Canis lupus lupus', 'Canis lupus nubilus', 'Canis lupus occidentalis', 'Canis lupus pallipes', 'Canis lupus signatus']"
2.04-2.05,a,scientific,felis catus,,,,"['Animalia', 'Bilateria', 'Deuterostomia', 'Chordata', 'Vertebrata', 'Gnathostomata', 'Tetrapoda', 'Mammalia', 'Theria', 'Eutheria', 'Carnivora', 'Feliformia', 'Felidae', 'Felinae', 'Felis', 'Felis catus']"
2.04-2.05,a,scientific,elephas maximus,,,,"['Animalia', 'Bilateria', 'Deuterostomia', 'Chordata', 'Vertebrata', 'Gnathostomata', 'Tetrapoda', 'Mammalia', 'Theria', 'Eutheria', 'Proboscidea', 'Elephantidae', 'Elephas', 'Elephas maximus', 'Elephas maximus indicus', 'Elephas maximus maximus', 'Elephas maximus sumatranus']"
2.04-2.05,a,scientific,balaenoptera musculus,,,,"['Animalia', 'Bilateria', 'Deuterostomia', 'Chordata', 'Vertebrata', 'Gnathostomata', 'Tetrapoda', 'Mammalia', 'Theria', 'Eutheria', 'Cetacea', 'Mysticeti', 'Balaenopteridae', 'Balaenoptera', 'Balaenoptera musculus', 'Balaenoptera musculus brevicauda', 'Balaenoptera musculus indica', 'Balaenoptera musculus intermedia', 'Balaenoptera musculus musculus']"
2.06-2.09,a,scientific,spheniscus mendiculus,,,,"['Animalia', 'Bilateria', 'Deuterostomia', 'Chordata', 'Vertebrata', 'Gnathostomata', 'Tetrapoda', 'Aves', 'Sphenisciformes', 'Spheniscidae', 'Spheniscus', 'Spheniscus mendiculus']"
2.06-2.09,a,scientific,tetrao urogallus,,,,"['Animalia', 'Bilateria', 'Deuterostomia', 'Chordata', 'Vertebrata', 'Gnathostomata', 'Tetrapoda', 'Aves', 'Galliformes', 'Phasianidae', 'Tetrao', 'Tetrao urogallus', 'Tetrao urogallus aquitanicus', 'Tetrao urogallus cantabricus', 'Tetrao urogallus crassirostris', 'Tetrao urogallus kureikensis', 'Tetrao urogallus taczanowskii', 'Tetrao urogallus uralensis', 'Tetrao urogallus urogallus', 'Tetrao urogallus volgensis']"
2.06-2.09,a,scientific,otis tarda,,,,"['Animalia', 'Bilateria', 'Deuterostomia', 'Chordata', 'Vertebrata', 'Gnathostomata', 'Tetrapoda', 'Aves', 'Otidiformes', 'Otididae', 'Otis', 'Otis tarda', 'Otis tarda dybowskii', 'Otis tarda tarda']"
2.06-2.09,a,scientific,cinnyricinclus leucogaster,,,,"['Animalia', 'Bilateria', 'Deuterostomia', 'Chordata', 'Vertebrata', 'Gnathostomata', 'Tetrapoda', 'Aves', 'Passeriformes', 'Sturnidae', 'Cinnyricinclus', 'Cinnyricinclus leucogaster', 'Cinnyricinclus leucogaster arabicus', 'Cinnyricinclus leucogaster leucogaster', 'Cinnyricinclus leucogaster verreauxi']"
2.06-2.09,a,scientific,icterus galbula,,,,"['Animalia', 'Bilateria', 'Deuterostomia', 'Chordata', 'Vertebrata', 'Gnathostomata', 'Tetrapoda', 'Aves', 'Passeriformes', 'Icteridae', 'Icterus', 'Icterus galbula']"
2.06-2.09,a,scientific,lamprotornis nitens,,,,"['Animalia', 'Bilateria', 'Deuterostomia', 'Chordata', 'Vertebrata', 'Gnathostomata', 'Tetrapoda', 'Aves', 'Passeriformes', 'Sturnidae', 'Lamprotornis', 'Lamprotornis nitens', 'Lamprotornis nitens culminator', 'Lamprotornis nitens nitens', 'Lamprotornis nitens phoenicopterus']"
2.06-2.09,a,scientific,glaucidium gnoma,,,,"['Animalia', 'Bilateria', 'Deuterostomia', 'Chordata', 'Vertebrata', 'Gnathostomata', 'Tetrapoda', 'Aves', 'Strigiformes', 'Strigidae', 'Surniinae', 'Glaucidium', 'Glaucidium gnoma']"
2.06-2.09,a,scientific,lophophorus impejanus,,,,"['Animalia', 'Bilateria', 'Deuterostomia', 'Chordata', 'Vertebrata', 'Gnathostomata', 'Tetrapoda', 'Aves', 'Galliformes', 'Phasianidae', 'Lophophorus', 'Lophophorus impejanus']"
2.06-2.09,a,scientific,cyanerpes cyaneus,,,,"['Animalia', 'Bilateria', 'Deuterostomia', 'Chordata', 'Vertebrata', 'Gnathostomata', 'Tetrapoda', 'Aves', 'Passeriformes', 'Thraupidae', 'Cyanerpes', 'Cyanerpes cyaneus', 'Cyanerpes cyaneus brevipes', 'Cyanerpes cyaneus carneipes', 'Cyanerpes cyaneus cyaneus', 'Cyanerpes cyaneus dispar', 'Cyanerpes cyaneus eximius', 'Cyanerpes cyaneus gemmeus', 'Cyanerpes cyaneus gigas', 'Cyanerpes cyaneus holti', 'Cyanerpes cyaneus pacificus', 'Cyanerpes cyaneus tobagensis', 'Cyanerpes cyaneus violaceus']"
2.06-2.09,a,scientific,lophura nycthemera,,,,"['Animalia', 'Bilateria', 'Deuterostomia', 'Chordata', 'Vertebrata', 'Gnathostomata', 'Tetrapoda', 'Aves', 'Galliformes', 'Phasianidae', 'Lophura', 'Lophura nycthemera', 'Lophura nycthemera annamensis', 'Lophura nycthemera beaulieui', 'Lophura nycthemera beli', 'Lophura nycthemera berliozi', 'Lophura nycthemera engelbachi', 'Lophura nycthemera fokiensis', 'Lophura nycthemera jonesi', 'Lophura nycthemera lewisi', 'Lophura nycthemera nycthemera', 'Lophura nycthemera occidentalis', 'Lophura nycthemera omeiensis', 'Lophura nycthemera ripponi', 'Lophura nycthemera rongjiangensis', 'Lophura nycthemera rufipes', 'Lophura nycthemera whiteheadi']"
2.06-2.09,a,scientific,ichthyaetus melanocephalus,,,,"['Animalia', 'Bilateria', 'Deuterostomia', 'Chordata', 'Vertebrata', 'Gnathostomata', 'Tetrapoda', 'Aves', 'Charadriiformes', 'Laridae', 'Ichthyaetus', 'Ichthyaetus melanocephalus']"
2.06-2.09,a,scientific,pavo muticus,,,,"['Animalia', 'Bilateria', 'Deuterostomia', 'Chordata', 'Vertebrata', 'Gnathostomata', 'Tetrapoda', 'Aves', 'Galliformes', 'Phasianidae', 'Pavo', 'Pavo muticus', 'Pavo muticus imperator', 'Pavo muticus muticus', 'Pavo muticus spicifer']"
2.06-2.09,a,scientific,fregata minor,,,,"['Animalia', 'Bilateria', 'Deuterostomia', 'Chordata', 'Vertebrata', 'Gnathostomata', 'Tetrapoda', 'Aves', 'Suliformes', 'Fregatidae', 'Fregata', 'Fregata minor', 'Fregata minor aldabrensis', 'Fregata minor minor', 'Fregata minor nicolli', 'Fregata minor palmerstoni', 'Fregata minor ridgwayi']"
2.06-2.09,a,scientific,syrmaticus ellioti,,,,"['Animalia', 'Bilateria', 'Deuterostomia', 'Chordata', 'Vertebrata', 'Gnathostomata', 'Tetrapoda', 'Aves', 'Galliformes', 'Phasianidae', 'Syrmaticus', 'Syrmaticus ellioti']"
2.06-2.09,a,scientific,phoebastria nigripes,,,,"['Animalia', 'Bilateria', 'Deuterostomia', 'Chordata', 'Vertebrata', 'Gnathostomata', 'Tetrapoda', 'Aves', 'Procellariiformes', 'Diomedeidae', 'Phoebastria', 'Phoebastria nigripes']"
2.06-2.09,a,scientific,polyplectron napoleonis,,,,"['Animalia', 'Bilateria', 'Deuterostomia', 'Chordata', 'Vertebrata', 'Gnathostomata', 'Tetrapoda', 'Aves', 'Galliformes', 'Phasianidae', 'Polyplectron', 'Polyplectron napoleonis']"
2.06-2.09,a,scientific,tragopan temminckii,,,,"['Animalia', 'Bilateria', 'Deuterostomia', 'Chordata', 'Vertebrata', 'Gnathostomata', 'Tetrapoda', 'Aves', 'Galliformes', 'Phasianidae', 'Tragopan', 'Tragopan temminckii']"
2.06-2.09,a,scientific,cochlearius cochlearius,,,,"['Animalia', 'Bilateria', 'Deuterostomia', 'Chordata', 'Vertebrata', 'Gnathostomata', 'Tetrapoda', 'Aves', 'Pelecaniformes', 'Ardeidae', 'Cochlearius', 'Cochlearius cochlearius', 'Cochlearius cochlearius cochlearius', 'Cochlearius cochlearius panamensis', 'Cochlearius cochlearius phillipsi', 'Cochlearius cochlearius ridgwayi', 'Cochlearius cochlearius zeledoni']"
2.06-2.09,a,scientific,garrulus glandarius,,,,"['Animalia', 'Bilateria', 'Deuterostomia', 'Chordata', 'Vertebrata', 'Gnathostomata', 'Tetrapoda', 'Aves', 'Passeriformes', 'Corvidae', 'Garrulus', 'Garrulus glandarius', 'Garrulus glandarius albipectus', 'Garrulus glandarius anatoliae', 'Garrulus glandarius atricapillus', 'Garrulus glandarius bispecularis', 'Garrulus glandarius brandtii', 'Garrulus glandarius cervicalis', 'Garrulus glandarius corsicanus', 'Garrulus glandarius cretorum', 'Garrulus glandarius fasciatus', 'Garrulus glandarius ferdinandi', 'Garrulus glandarius glandarius', 'Garrulus glandarius glaszneri', 'Garrulus glandarius graecus', 'Garrulus glandarius haringtoni', 'Garrulus glandarius hibernicus', 'Garrulus glandarius hiugaensis', 'Garrulus glandarius hyrcanus', 'Garrulus glandarius ichnusae', 'Garrulus glandarius interstinctus', 'Garrulus glandarius iphigenia', 'Garrulus glandarius japonicus', 'Garrulus glandarius kansuensis', 'Garrulus glandarius krynicki', 'Garrulus glandarius leucotis', 'Garrulus glandarius minor', 'Garrulus glandarius oatesi', 'Garrulus glandarius orii', 'Garrulus glandarius pekingensis', 'Garrulus glandarius rufitergum', 'Garrulus glandarius samios', 'Garrulus glandarius sinensis', 'Garrulus glandarius taivanus', 'Garrulus glandarius tokugawae', 'Garrulus glandarius whitakeri']"
2.06-2.09,a,scientific,mergus merganser,,,,"['Animalia', 'Bilateria', 'Deuterostomia', 'Chordata', 'Vertebrata', 'Gnathostomata', 'Tetrapoda', 'Aves', 'Anseriformes', 'Anatidae', 'Mergus', 'Mergus merganser', 'Mergus merganser americanus', 'Mergus merganser merganser', 'Mergus merganser orientalis']"
2.06-2.09,a,scientific,apus apus,,,,"['Animalia', 'Bilateria', 'Deuterostomia', 'Chordata', 'Vertebrata', 'Gnathostomata', 'Tetrapoda', 'Aves', 'Apodiformes', 'Apodidae', 'Apodinae', 'Apus', 'Apus apus', 'Apus apus apus', 'Apus apus pekinensis']"
2.06-2.09,a,scientific,aptenodytes forsteri,,,,"['Animalia', 'Bilateria', 'Deuterostomia', 'Chordata', 'Vertebrata', 'Gnathostomata', 'Tetrapoda', 'Aves', 'Sphenisciformes', 'Spheniscidae', 'Aptenodytes', 'Aptenodytes forsteri']"
2.06-2.09,a,scientific,tyto alba,,,,"['Animalia', 'Bilateria', 'Deuterostomia', 'Chordata', 'Vertebrata', 'Gnathostomata', 'Tetrapoda', 'Aves', 'Strigiformes', 'Tytonidae', 'Tytoninae', 'Tyto', 'Tyto alba', 'Tyto alba alba', 'Tyto alba detorta', 'Tyto alba erlangeri', 'Tyto alba ernesti', 'Tyto alba gracilirostris', 'Tyto alba guttata', 'Tyto alba hypermetra', 'Tyto alba poensis', 'Tyto alba schmitzi', 'Tyto alba thomensis']"
2.06-2.09,a,scientific,haliaeetus leucocephalus,,,,"['Animalia', 'Bilateria', 'Deuterostomia', 'Chordata', 'Vertebrata', 'Gnathostomata', 'Tetrapoda', 'Aves', 'Accipitriformes', 'Accipitridae', 'Haliaeetus', 'Haliaeetus leucocephalus', 'Haliaeetus leucocephalus leucocephalus', 'Haliaeetus leucocephalus washingtoniensis']"
2.06-2.09,a,scientific,terpsiphone paradisi,,,,"['Animalia', 'Bilateria', 'Deuterostomia', 'Chordata', 'Vertebrata', 'Gnathostomata', 'Tetrapoda', 'Aves', 'Passeriformes', 'Monarchidae', 'Terpsiphone', 'Terpsiphone paradisi', 'Terpsiphone paradisi affinis', 'Terpsiphone paradisi borneensis', 'Terpsiphone paradisi burmae', 'Terpsiphone paradisi ceylonensis', 'Terpsiphone paradisi floris', 'Terpsiphone paradisi incei', 'Terpsiphone paradisi indochinensis', 'Terpsiphone paradisi insularis', 'Terpsiphone paradisi leucogaster', 'Terpsiphone paradisi nicobarica', 'Terpsiphone paradisi paradisi', 'Terpsiphone paradisi procera', 'Terpsiphone paradisi saturatior', 'Terpsiphone paradisi sumbaensis']"
2.06-2.09,a,scientific,turaco leucotis,,,,FIX
2.06-2.09,a,scientific,recurvirostra avosetta,,,,"['Animalia', 'Bilateria', 'Deuterostomia', 'Chordata', 'Vertebrata', 'Gnathostomata', 'Tetrapoda', 'Aves', 'Charadriiformes', 'Recurvirostridae', 'Recurvirostra', 'Recurvirostra avosetta']"
2.06-2.09,a,scientific,cyanocitta cristata,,,,"['Animalia', 'Bilateria', 'Deuterostomia', 'Chordata', 'Vertebrata', 'Gnathostomata', 'Tetrapoda', 'Aves', 'Passeriformes', 'Corvidae', 'Cyanocitta', 'Cyanocitta cristata', 'Cyanocitta cristata bromia', 'Cyanocitta cristata cristata', 'Cyanocitta cristata cyanotephra', 'Cyanocitta cristata semplei']"
2.06-2.09,a,scientific,plegadis falcinellus,,,,"['Animalia', 'Bilateria', 'Deuterostomia', 'Chordata', 'Vertebrata', 'Gnathostomata', 'Tetrapoda', 'Aves', 'Pelecaniformes', 'Threskiornithidae', 'Plegadis', 'Plegadis falcinellus']"
2.06-2.09,a,common,platycercus eximius x icterotis,eastern rosella,,,FIX
2.06-2.09,a,scientific,upupa epops,,,,"['Animalia', 'Bilateria', 'Deuterostomia', 'Chordata', 'Vertebrata', 'Gnathostomata', 'Tetrapoda', 'Aves', 'Bucerotiformes', 'Upupidae', 'Upupa', 'Upupa epops', 'Upupa epops ceylonensis', 'Upupa epops epops', 'Upupa epops longirostris', 'Upupa epops major', 'Upupa epops senegalensis', 'Upupa epops waibeli']"
2.06-2.09,a,scientific,tauraco erythrolophus,,,,"['Animalia', 'Bilateria', 'Deuterostomia', 'Chordata', 'Vertebrata', 'Gnathostomata', 'Tetrapoda', 'Aves', 'Musophagiformes', 'Musophagidae', 'Tauraco', 'Tauraco erythrolophus']"
2.06-2.09,a,scientific,puffinus subalaris,,,,"['Animalia', 'Bilateria', 'Deuterostomia', 'Chordata', 'Vertebrata', 'Gnathostomata', 'Tetrapoda', 'Aves', 'Procellariiformes', 'Procellariidae', 'Puffinus', 'Puffinus subalaris']"
2.06-2.09,a,scientific,eurystomus glaucurus,,,,"['Animalia', 'Bilateria', 'Deuterostomia', 'Chordata', 'Vertebrata', 'Gnathostomata', 'Tetrapoda', 'Aves', 'Coraciiformes', 'Coraciidae', 'Eurystomus', 'Eurystomus glaucurus', 'Eurystomus glaucurus aethiopicus', 'Eurystomus glaucurus afer', 'Eurystomus glaucurus glaucurus', 'Eurystomus glaucurus suahelicus']"
2.06-2.09,a,scientific,merops apiaster,,,,"['Animalia', 'Bilateria', 'Deuterostomia', 'Chordata', 'Vertebrata', 'Gnathostomata', 'Tetrapoda', 'Aves', 'Coraciiformes', 'Meropidae', 'Merops', 'Merops apiaster']"
2.06-2.09,a,scientific,sula dactylatra,,,,"['Animalia', 'Bilateria', 'Deuterostomia', 'Chordata', 'Vertebrata', 'Gnathostomata', 'Tetrapoda', 'Aves', 'Suliformes', 'Sulidae', 'Sula', 'Sula dactylatra', 'Sula dactylatra dactylatra', 'Sula dactylatra melanops', 'Sula dactylatra personata', 'Sula dactylatra tasmani']"
2.06-2.09,a,scientific,phaethon aethereus,,,,"['Animalia', 'Bilateria', 'Deuterostomia', 'Chordata', 'Vertebrata', 'Gnathostomata', 'Tetrapoda', 'Aves', 'Phaethontiformes', 'Phaethontidae', 'Phaethon', 'Phaethon aethereus', 'Phaethon aethereus aethereus', 'Phaethon aethereus indicus', 'Phaethon aethereus mesonauta']"
2.06-2.09,a,scientific,balearica pavonina,,,,"['Animalia', 'Bilateria', 'Deuterostomia', 'Chordata', 'Vertebrata', 'Gnathostomata', 'Tetrapoda', 'Aves', 'Gruiformes', 'Gruidae', 'Balearicinae', 'Balearica', 'Balearica pavonina', 'Balearica pavonina ceciliae', 'Balearica pavonina pavonina']"
2.06-2.09,a,scientific,ardea purpurea,,,,"['Animalia', 'Bilateria', 'Deuterostomia', 'Chordata', 'Vertebrata', 'Gnathostomata', 'Tetrapoda', 'Aves', 'Pelecaniformes', 'Ardeidae', 'Ardea', 'Ardea purpurea', 'Ardea purpurea bournei', 'Ardea purpurea madagascariensis', 'Ardea purpurea manilensis', 'Ardea purpurea purpurea']"
2.06-2.09,a,scientific,antigone canadensis,,,,"['Animalia', 'Bilateria', 'Deuterostomia', 'Chordata', 'Vertebrata', 'Gnathostomata', 'Tetrapoda', 'Aves', 'Gruiformes', 'Gruidae', 'Gruinae', 'Antigone', 'Antigone canadensis', 'Antigone canadensis canadensis', 'Antigone canadensis nesiotes', 'Antigone canadensis pratensis', 'Antigone canadensis pulla', 'Antigone canadensis tabida']"
2.06-2.09,a,scientific,chloephaga picta,,,,"['Animalia', 'Bilateria', 'Deuterostomia', 'Chordata', 'Vertebrata', 'Gnathostomata', 'Tetrapoda', 'Aves', 'Anseriformes', 'Anatidae', 'Chloephaga', 'Chloephaga picta', 'Chloephaga picta leucoptera', 'Chloephaga picta picta']"
2.06-2.09,a,scientific,jacana jacana,,,,"['Animalia', 'Bilateria', 'Deuterostomia', 'Chordata', 'Vertebrata', 'Gnathostomata', 'Tetrapoda', 'Aves', 'Charadriiformes', 'Jacanidae', 'Jacana', 'Jacana jacana', 'Jacana jacana hypomelaena', 'Jacana jacana intermedia', 'Jacana jacana jacana', 'Jacana jacana melanopygia', 'Jacana jacana peruviana', 'Jacana jacana scapularis']"
2.06-2.09,a,scientific,buteo jamaicensis,,,,"['Animalia', 'Bilateria', 'Deuterostomia', 'Chordata', 'Vertebrata', 'Gnathostomata', 'Tetrapoda', 'Aves', 'Accipitriformes', 'Accipitridae', 'Buteo', 'Buteo jamaicensis', 'Buteo jamaicensis alascensis', 'Buteo jamaicensis borealis', 'Buteo jamaicensis calurus', 'Buteo jamaicensis costaricensis', 'Buteo jamaicensis fuertesi', 'Buteo jamaicensis fumosus', 'Buteo jamaicensis hadropus', 'Buteo jamaicensis harlani', 'Buteo jamaicensis jamaicensis', 'Buteo jamaicensis kemsiesi', 'Buteo jamaicensis socorroensis', 'Buteo jamaicensis suttoni', 'Buteo jamaicensis umbrinus']"
2.06-2.09,a,scientific,gallus gallus,,,,"['Animalia', 'Bilateria', 'Deuterostomia', 'Chordata', 'Vertebrata', 'Gnathostomata', 'Tetrapoda', 'Aves', 'Galliformes', 'Phasianidae', 'Gallus', 'Gallus gallus', 'Gallus gallus bankiva', 'Gallus gallus gallus', 'Gallus gallus jabouillei', 'Gallus gallus murghi', 'Gallus gallus spadiceus']"
2.06-2.09,a,scientific,falco vespertinus,,,,"['Animalia', 'Bilateria', 'Deuterostomia', 'Chordata', 'Vertebrata', 'Gnathostomata', 'Tetrapoda', 'Aves', 'Falconiformes', 'Falconidae', 'Falconinae', 'Falco', 'Falco vespertinus']"
2.06-2.09,a,scientific,melanerpes erythrocephalus,,,,"['Animalia', 'Bilateria', 'Deuterostomia', 'Chordata', 'Vertebrata', 'Gnathostomata', 'Tetrapoda', 'Aves', 'Piciformes', 'Picidae', 'Picinae', 'Melanerpes', 'Melanerpes erythrocephalus']"
2.06-2.09,a,scientific,lagopus lagopus,,,,"['Animalia', 'Bilateria', 'Deuterostomia', 'Chordata', 'Vertebrata', 'Gnathostomata', 'Tetrapoda', 'Aves', 'Accipitriformes', 'Accipitridae', 'Buteo', 'Buteo lagopus', 'Buteo lagopus lagopus']"
2.06-2.09,a,scientific,chloephaga poliocephala,,,,"['Animalia', 'Bilateria', 'Deuterostomia', 'Chordata', 'Vertebrata', 'Gnathostomata', 'Tetrapoda', 'Aves', 'Anseriformes', 'Anatidae', 'Chloephaga', 'Chloephaga poliocephala']"
2.06-2.09,a,scientific,limnodromus scolopaceus,,,,"['Animalia', 'Bilateria', 'Deuterostomia', 'Chordata', 'Vertebrata', 'Gnathostomata', 'Tetrapoda', 'Aves', 'Charadriiformes', 'Scolopacidae', 'Limnodromus', 'Limnodromus scolopaceus']"
2.06-2.09,a,scientific,psittacara holochlora,,,,FIX
2.06-2.09,a,scientific,alcedo atthis,,,,"['Animalia', 'Bilateria', 'Deuterostomia', 'Chordata', 'Vertebrata', 'Gnathostomata', 'Tetrapoda', 'Aves', 'Coraciiformes', 'Alcedinidae', 'Alcedininae', 'Alcedo', 'Alcedo atthis', 'Alcedo atthis atthis', 'Alcedo atthis bengalensis', 'Alcedo atthis floresiana', 'Alcedo atthis hispidoides', 'Alcedo atthis ispida', 'Alcedo atthis salomonensis', 'Alcedo atthis taprobana']"
2.10-2.21,a,scientific,tragelaphus strepsiceros,,,,"['Animalia', 'Bilateria', 'Deuterostomia', 'Chordata', 'Vertebrata', 'Gnathostomata', 'Tetrapoda', 'Mammalia', 'Theria', 'Eutheria', 'Artiodactyla', 'Bovidae', 'Bovinae', 'Tragelaphus', 'Tragelaphus strepsiceros', 'Tragelaphus strepsiceros bea', 'Tragelaphus strepsiceros burlacei', 'Tragelaphus strepsiceros chora', 'Tragelaphus strepsiceros strepsiceros', 'Tragelaphus strepsiceros zambesiensis']"
2.10-2.21,a,scientific,taurotragus oryx,,,,"['Animalia', 'Bilateria', 'Deuterostomia', 'Chordata', 'Vertebrata', 'Gnathostomata', 'Tetrapoda', 'Mammalia', 'Theria', 'Eutheria', 'Artiodactyla', 'Bovidae', 'Bovinae', 'Taurotragus', 'Taurotragus oryx', 'Taurotragus oryx livingstonei', 'Taurotragus oryx oryx', 'Taurotragus oryx pattersonianus']"
2.10-2.21,a,scientific,damaliscus pygargus phillipsi,,,,"['Animalia', 'Bilateria', 'Deuterostomia', 'Chordata', 'Vertebrata', 'Gnathostomata', 'Tetrapoda', 'Mammalia', 'Theria', 'Eutheria', 'Artiodactyla', 'Bovidae', 'Alcelaphinae', 'Damaliscus', 'Damaliscus pygargus', 'Damaliscus pygargus phillipsi']"
2.10-2.21,a,common,alcephalus buselaphus lelwel x cokii,lelwel hartebeest,,,FIX
2.10-2.21,a,scientific,connochaetes taurinus,,,,"['Animalia', 'Bilateria', 'Deuterostomia', 'Chordata', 'Vertebrata', 'Gnathostomata', 'Tetrapoda', 'Mammalia', 'Theria', 'Eutheria', 'Artiodactyla', 'Bovidae', 'Alcelaphinae', 'Connochaetes', 'Connochaetes taurinus', 'Connochaetes taurinus albojubatus', 'Connochaetes taurinus cooksoni', 'Connochaetes taurinus johnstoni', 'Connochaetes taurinus mearnsi', 'Connochaetes taurinus taurinus']"
2.10-2.21,a,scientific,oryx gazella,,,,"['Animalia', 'Bilateria', 'Deuterostomia', 'Chordata', 'Vertebrata', 'Gnathostomata', 'Tetrapoda', 'Mammalia', 'Theria', 'Eutheria', 'Artiodactyla', 'Bovidae', 'Hippotraginae', 'Oryx', 'Oryx gazella']"
2.10-2.21,a,scientific,phacochoerus africanus,,,,"['Animalia', 'Bilateria', 'Deuterostomia', 'Chordata', 'Vertebrata', 'Gnathostomata', 'Tetrapoda', 'Mammalia', 'Theria', 'Eutheria', 'Artiodactyla', 'Suidae', 'Suinae', 'Phacochoerini', 'Phacochoerus', 'Phacochoerus africanus', 'Phacochoerus africanus aeliani', 'Phacochoerus africanus africanus', 'Phacochoerus africanus massaicus', 'Phacochoerus africanus sundevallii']"
2.10-2.21,a,scientific,antidorcas marsupialis,,,,"['Animalia', 'Bilateria', 'Deuterostomia', 'Chordata', 'Vertebrata', 'Gnathostomata', 'Tetrapoda', 'Mammalia', 'Theria', 'Eutheria', 'Artiodactyla', 'Bovidae', 'Antilopinae', 'Antidorcas', 'Antidorcas marsupialis', 'Antidorcas marsupialis angolensis', 'Antidorcas marsupialis hofmeyri', 'Antidorcas marsupialis marsupialis']"
2.10-2.21,a,scientific,nanger granti,,,,"['Animalia', 'Bilateria', 'Deuterostomia', 'Chordata', 'Vertebrata', 'Gnathostomata', 'Tetrapoda', 'Mammalia', 'Theria', 'Eutheria', 'Artiodactyla', 'Bovidae', 'Antilopinae', 'Nanger', 'Nanger granti', 'Nanger granti brighti', 'Nanger granti granti', 'Nanger granti notata', 'Nanger granti petersii', 'Nanger granti robertsi']"
2.10-2.21,a,scientific,aepyceros melampus,,,,"['Animalia', 'Bilateria', 'Deuterostomia', 'Chordata', 'Vertebrata', 'Gnathostomata', 'Tetrapoda', 'Mammalia', 'Theria', 'Eutheria', 'Artiodactyla', 'Bovidae', 'Aepycerotinae', 'Aepyceros', 'Aepyceros melampus', 'Aepyceros melampus johnstoni', 'Aepyceros melampus katangae', 'Aepyceros melampus melampus', 'Aepyceros melampus petersi', 'Aepyceros melampus rendilis', 'Aepyceros melampus suara']"
2.10-2.21,a,common,eudorcas nasalis,thomson's gazella,,,FIX
2.10-2.21,a,scientific,ammotragus lervia,,,,"['Animalia', 'Bilateria', 'Deuterostomia', 'Chordata', 'Vertebrata', 'Gnathostomata', 'Tetrapoda', 'Mammalia', 'Theria', 'Eutheria', 'Artiodactyla', 'Bovidae', 'Caprinae', 'Ammotragus', 'Ammotragus lervia', 'Ammotragus lervia angusi', 'Ammotragus lervia blainei', 'Ammotragus lervia fassini', 'Ammotragus lervia lervia', 'Ammotragus lervia ornatus', 'Ammotragus lervia sahariensis']"
2.10-2.21,a,common,ovis orientalis musimon,mouflon,,,FIX
2.10-2.21,a,scientific,sus scrofa,,,,"['Animalia', 'Bilateria', 'Deuterostomia', 'Chordata', 'Vertebrata', 'Gnathostomata', 'Tetrapoda', 'Mammalia', 'Theria', 'Eutheria', 'Artiodactyla', 'Suidae', 'Suinae', 'Suini', 'Sus', 'Sus scrofa', 'Sus scrofa algira', 'Sus scrofa attila', 'Sus scrofa cristatus', 'Sus scrofa davidi', 'Sus scrofa leucomystax', 'Sus scrofa libycus', 'Sus scrofa majori', 'Sus scrofa meridionalis', 'Sus scrofa moupinensis', 'Sus scrofa nigripes', 'Sus scrofa riukiuanus', 'Sus scrofa scrofa', 'Sus scrofa sibiricus', 'Sus scrofa taivanus', 'Sus scrofa ussuricus', 'Sus scrofa vittatus']"
2.10-2.21,a,scientific,procapra gutturosa,,,,"['Animalia', 'Bilateria', 'Deuterostomia', 'Chordata', 'Vertebrata', 'Gnathostomata', 'Tetrapoda', 'Mammalia', 'Theria', 'Eutheria', 'Artiodactyla', 'Bovidae', 'Antilopinae', 'Procapra', 'Procapra gutturosa']"
2.10-2.21,a,common,ovis gmelini,mouflon,,,FIX
2.10-2.21,a,scientific,ovis cycloceros,,,,FIX
2.10-2.21,a,common,ovis laristanica,mouflon,,,FIX
2.10-2.21,a,scientific,panthera onca,,,,"['Animalia', 'Bilateria', 'Deuterostomia', 'Chordata', 'Vertebrata', 'Gnathostomata', 'Tetrapoda', 'Mammalia', 'Theria', 'Eutheria', 'Carnivora', 'Feliformia', 'Felidae', 'Pantherinae', 'Panthera', 'Panthera onca']"
2.10-2.21,a,scientific,alces alces,,,,"['Animalia', 'Bilateria', 'Deuterostomia', 'Chordata', 'Vertebrata', 'Gnathostomata', 'Tetrapoda', 'Mammalia', 'Theria', 'Eutheria', 'Artiodactyla', 'Cervidae', 'Capreolinae', 'Alces', 'Alces alces', 'Alces alces alces', 'Alces alces caucasicus']"
2.10-2.21,a,scientific,pecari tajacu,,,,"['Animalia', 'Bilateria', 'Deuterostomia', 'Chordata', 'Vertebrata', 'Gnathostomata', 'Tetrapoda', 'Mammalia', 'Theria', 'Eutheria', 'Artiodactyla', 'Tayassuidae', 'Pecari', 'Pecari tajacu', 'Pecari tajacu angulatus', 'Pecari tajacu bangsi', 'Pecari tajacu crassus', 'Pecari tajacu crusnigrum', 'Pecari tajacu humeralis', 'Pecari tajacu nanus', 'Pecari tajacu nelsoni', 'Pecari tajacu niger', 'Pecari tajacu nigrescens', 'Pecari tajacu patira', 'Pecari tajacu sonoriensis', 'Pecari tajacu tajacu', 'Pecari tajacu torvus', 'Pecari tajacu yucatanensis']"
2.10-2.21,a,scientific,antilocapra americana,,,,"['Animalia', 'Bilateria', 'Deuterostomia', 'Chordata', 'Vertebrata', 'Gnathostomata', 'Tetrapoda', 'Mammalia', 'Theria', 'Eutheria', 'Artiodactyla', 'Antilocapridae', 'Antilocapra', 'Antilocapra americana', 'Antilocapra americana peninsularis']"
2.10-2.21,a,scientific,ovis dalli stonei,,,,"['Animalia', 'Bilateria', 'Deuterostomia', 'Chordata', 'Vertebrata', 'Gnathostomata', 'Tetrapoda', 'Mammalia', 'Theria', 'Eutheria', 'Artiodactyla', 'Bovidae', 'Caprinae', 'Ovis', 'Ovis dalli', 'Ovis dalli stonei']"
2.10-2.21,a,scientific,odocoileus virginianus,,,,"['Animalia', 'Bilateria', 'Deuterostomia', 'Chordata', 'Vertebrata', 'Gnathostomata', 'Tetrapoda', 'Mammalia', 'Theria', 'Eutheria', 'Artiodactyla', 'Cervidae', 'Capreolinae', 'Odocoileus', 'Odocoileus virginianus', 'Odocoileus virginianus acapulcensis', 'Odocoileus virginianus borealis', 'Odocoileus virginianus cariacou', 'Odocoileus virginianus carminis', 'Odocoileus virginianus chiriquensis', 'Odocoileus virginianus clavium', 'Odocoileus virginianus couesi', 'Odocoileus virginianus curassavicus', 'Odocoileus virginianus dacotensis', 'Odocoileus virginianus goudotii', 'Odocoileus virginianus gymnotis', 'Odocoileus virginianus hiltonensis', 'Odocoileus virginianus leucurus', 'Odocoileus virginianus macrourus', 'Odocoileus virginianus margaritae', 'Odocoileus virginianus mcilhennyi', 'Odocoileus virginianus mexicanus', 'Odocoileus virginianus miquihuanensis', 'Odocoileus virginianus nelsoni', 'Odocoileus virginianus nemoralis', 'Odocoileus virginianus nigribarbis', 'Odocoileus virginianus oaxacensis', 'Odocoileus virginianus ochrourus', 'Odocoileus virginianus osceola', 'Odocoileus virginianus peruvianus', 'Odocoileus virginianus rothschildi', 'Odocoileus virginianus seminolus', 'Odocoileus virginianus sinaloae', 'Odocoileus virginianus taurinsulae', 'Odocoileus virginianus texanus', 'Odocoileus virginianus thomasi', 'Odocoileus virginianus toltecus', 'Odocoileus virginianus tropicalis', 'Odocoileus virginianus ustus', 'Odocoileus virginianus venatorius', 'Odocoileus virginianus veraecrucis', 'Odocoileus virginianus virginianus', 'Odocoileus virginianus yucatanensis']"
2.10-2.21,a,scientific,oreamnos americanus,,,,"['Animalia', 'Bilateria', 'Deuterostomia', 'Chordata', 'Vertebrata', 'Gnathostomata', 'Tetrapoda', 'Mammalia', 'Theria', 'Eutheria', 'Artiodactyla', 'Bovidae', 'Caprinae', 'Oreamnos', 'Oreamnos americanus']"
2.10-2.21,a,scientific,ovis dalli dalli,,,,"['Animalia', 'Bilateria', 'Deuterostomia', 'Chordata', 'Vertebrata', 'Gnathostomata', 'Tetrapoda', 'Mammalia', 'Theria', 'Eutheria', 'Artiodactyla', 'Bovidae', 'Caprinae', 'Ovis', 'Ovis dalli', 'Ovis dalli dalli']"
2.10-2.21,a,common,cervus canadensis,elk,,,FIX
2.10-2.21,a,scientific,ovibos moschatus,,,,"['Animalia', 'Bilateria', 'Deuterostomia', 'Chordata', 'Vertebrata', 'Gnathostomata', 'Tetrapoda', 'Mammalia', 'Theria', 'Eutheria', 'Artiodactyla', 'Bovidae', 'Caprinae', 'Ovibos', 'Ovibos moschatus']"
2.10-2.21,a,scientific,rangifer tarandus caribou,,,,"['Animalia', 'Bilateria', 'Deuterostomia', 'Chordata', 'Vertebrata', 'Gnathostomata', 'Tetrapoda', 'Mammalia', 'Theria', 'Eutheria', 'Artiodactyla', 'Cervidae', 'Capreolinae', 'Rangifer', 'Rangifer tarandus', 'Rangifer tarandus caribou']"
3.01,i,scientific,equus caballus,,,,"['Animalia', 'Bilateria', 'Deuterostomia', 'Chordata', 'Vertebrata', 'Gnathostomata', 'Tetrapoda', 'Mammalia', 'Theria', 'Eutheria', 'Perissodactyla', 'Equidae', 'Equus', 'Equus (Equus)', 'Equus caballus']"
3.02,i,scientific,equus zebra,,,,"['Animalia', 'Bilateria', 'Deuterostomia', 'Chordata', 'Vertebrata', 'Gnathostomata', 'Tetrapoda', 'Mammalia', 'Theria', 'Eutheria', 'Perissodactyla', 'Equidae', 'Equus', 'Equus (Hippotigris)', 'Equus zebra']"
3.03,i,scientific,rhinoceros unicornis,,,,"['Animalia', 'Bilateria', 'Deuterostomia', 'Chordata', 'Vertebrata', 'Gnathostomata', 'Tetrapoda', 'Mammalia', 'Theria', 'Eutheria', 'Perissodactyla', 'Rhinocerotidae', 'Rhinoceros', 'Rhinoceros unicornis']"
3.03,a,scientific,diceros bicornis,,2.0,,"['Animalia', 'Bilateria', 'Deuterostomia', 'Chordata', 'Vertebrata', 'Gnathostomata', 'Tetrapoda', 'Mammalia', 'Theria', 'Eutheria', 'Perissodactyla', 'Rhinocerotidae', 'Diceros', 'Diceros bicornis', 'Diceros bicornis bicornis', 'Diceros bicornis brucii', 'Diceros bicornis chobiensis', 'Diceros bicornis ladoensis', 'Diceros bicornis longipes', 'Diceros bicornis michaeli', 'Diceros bicornis minor', 'Diceros bicornis occidentalis']"
3.04,i,scientific,sus scrofa,,,,"['Animalia', 'Bilateria', 'Deuterostomia', 'Chordata', 'Vertebrata', 'Gnathostomata', 'Tetrapoda', 'Mammalia', 'Theria', 'Eutheria', 'Artiodactyla', 'Suidae', 'Suinae', 'Suini', 'Sus', 'Sus scrofa', 'Sus scrofa algira', 'Sus scrofa attila', 'Sus scrofa cristatus', 'Sus scrofa davidi', 'Sus scrofa leucomystax', 'Sus scrofa libycus', 'Sus scrofa majori', 'Sus scrofa meridionalis', 'Sus scrofa moupinensis', 'Sus scrofa nigripes', 'Sus scrofa riukiuanus', 'Sus scrofa scrofa', 'Sus scrofa sibiricus', 'Sus scrofa taivanus', 'Sus scrofa ussuricus', 'Sus scrofa vittatus']"
3.05,i,scientific,hippopotamus amphibius,,,,"['Animalia', 'Bilateria', 'Deuterostomia', 'Chordata', 'Vertebrata', 'Gnathostomata', 'Tetrapoda', 'Mammalia', 'Theria', 'Eutheria', 'Artiodactyla', 'Hippopotamidae', 'Hippopotamus', 'Hippopotamus amphibius', 'Hippopotamus amphibius amphibius', 'Hippopotamus amphibius capensis', 'Hippopotamus amphibius kiboko']"
3.06,a,scientific,alces alces,,,,"['Animalia', 'Bilateria', 'Deuterostomia', 'Chordata', 'Vertebrata', 'Gnathostomata', 'Tetrapoda', 'Mammalia', 'Theria', 'Eutheria', 'Artiodactyla', 'Cervidae', 'Capreolinae', 'Alces', 'Alces alces', 'Alces alces alces', 'Alces alces caucasicus']"
3.06,a,common,tragulus,mouse-deer,,,FIX
3.07,i,scientific,alces alces,,,,"['Animalia', 'Bilateria', 'Deuterostomia', 'Chordata', 'Vertebrata', 'Gnathostomata', 'Tetrapoda', 'Mammalia', 'Theria', 'Eutheria', 'Artiodactyla', 'Cervidae', 'Capreolinae', 'Alces', 'Alces alces', 'Alces alces alces', 'Alces alces caucasicus']"
3.08,i,scientific,cervus elaphus,,,,"['Animalia', 'Bilateria', 'Deuterostomia', 'Chordata', 'Vertebrata', 'Gnathostomata', 'Tetrapoda', 'Mammalia', 'Theria', 'Eutheria', 'Artiodactyla', 'Cervidae', 'Cervinae', 'Cervus', 'Cervus elaphus', 'Cervus elaphus alashanicus', 'Cervus elaphus atlanticus', 'Cervus elaphus barbarus', 'Cervus elaphus brauneri', 'Cervus elaphus canadensis', 'Cervus elaphus corsicanus', 'Cervus elaphus elaphus', 'Cervus elaphus hanglu', 'Cervus elaphus hispanicus', 'Cervus elaphus kansuensis', 'Cervus elaphus macneilli', 'Cervus elaphus maral', 'Cervus elaphus nannodes', 'Cervus elaphus pannoniensis', 'Cervus elaphus songaricus', 'Cervus elaphus wallichii', 'Cervus elaphus xanthopygus', 'Cervus elaphus yarkandensis']"
3.08.5,a,common,,plains bison,,,FIX
3.08.5,a,scientific,mammuthus,,,,"['Animalia', 'Bilateria', 'Protostomia', 'Ecdysozoa', 'Arthropoda', 'Hexapoda', 'Insecta', 'Pterygota', 'Neoptera', 'Holometabola', 'Lepidoptera', 'Noctuoidea', 'Noctuidae', 'Noctuinae', 'Apameini', 'Resapamea', 'Resapamea mammuthus']"
3.09,i,scientific,dama dama,,,,"['Animalia', 'Bilateria', 'Deuterostomia', 'Chordata', 'Vertebrata', 'Gnathostomata', 'Tetrapoda', 'Mammalia', 'Theria', 'Eutheria', 'Artiodactyla', 'Cervidae', 'Cervinae', 'Dama', 'Dama dama', 'Dama dama dama', 'Dama dama mesopotamica']"
3.10,a,scientific,cervus elaphus,,2.0,,"['Animalia', 'Bilateria', 'Deuterostomia', 'Chordata', 'Vertebrata', 'Gnathostomata', 'Tetrapoda', 'Mammalia', 'Theria', 'Eutheria', 'Artiodactyla', 'Cervidae', 'Cervinae', 'Cervus', 'Cervus elaphus', 'Cervus elaphus alashanicus', 'Cervus elaphus atlanticus', 'Cervus elaphus barbarus', 'Cervus elaphus brauneri', 'Cervus elaphus canadensis', 'Cervus elaphus corsicanus', 'Cervus elaphus elaphus', 'Cervus elaphus hanglu', 'Cervus elaphus hispanicus', 'Cervus elaphus kansuensis', 'Cervus elaphus macneilli', 'Cervus elaphus maral', 'Cervus elaphus nannodes', 'Cervus elaphus pannoniensis', 'Cervus elaphus songaricus', 'Cervus elaphus wallichii', 'Cervus elaphus xanthopygus', 'Cervus elaphus yarkandensis']"
3.10,a,scientific,odocoileus hemionus,,2.0,,"['Animalia', 'Bilateria', 'Deuterostomia', 'Chordata', 'Vertebrata', 'Gnathostomata', 'Tetrapoda', 'Mammalia', 'Theria', 'Eutheria', 'Artiodactyla', 'Cervidae', 'Capreolinae', 'Odocoileus', 'Odocoileus hemionus', 'Odocoileus hemionus californicus', 'Odocoileus hemionus cerrosensis', 'Odocoileus hemionus columbianus', 'Odocoileus hemionus eremicus', 'Odocoileus hemionus fuliginatus', 'Odocoileus hemionus hemionus', 'Odocoileus hemionus inyoensis', 'Odocoileus hemionus peninsulae', 'Odocoileus hemionus sheldoni', 'Odocoileus hemionus sitkensis']"
3.10,a,scientific,cervus elaphus,,,,"['Animalia', 'Bilateria', 'Deuterostomia', 'Chordata', 'Vertebrata', 'Gnathostomata', 'Tetrapoda', 'Mammalia', 'Theria', 'Eutheria', 'Artiodactyla', 'Cervidae', 'Cervinae', 'Cervus', 'Cervus elaphus', 'Cervus elaphus alashanicus', 'Cervus elaphus atlanticus', 'Cervus elaphus barbarus', 'Cervus elaphus brauneri', 'Cervus elaphus canadensis', 'Cervus elaphus corsicanus', 'Cervus elaphus elaphus', 'Cervus elaphus hanglu', 'Cervus elaphus hispanicus', 'Cervus elaphus kansuensis', 'Cervus elaphus macneilli', 'Cervus elaphus maral', 'Cervus elaphus nannodes', 'Cervus elaphus pannoniensis', 'Cervus elaphus songaricus', 'Cervus elaphus wallichii', 'Cervus elaphus xanthopygus', 'Cervus elaphus yarkandensis']"
3.11,i,scientific,dama dama,,,,"['Animalia', 'Bilateria', 'Deuterostomia', 'Chordata', 'Vertebrata', 'Gnathostomata', 'Tetrapoda', 'Mammalia', 'Theria', 'Eutheria', 'Artiodactyla', 'Cervidae', 'Cervinae', 'Dama', 'Dama dama', 'Dama dama dama', 'Dama dama mesopotamica']"
3.11,a,scientific,mazama gouazoubira,,,,"['Animalia', 'Bilateria', 'Deuterostomia', 'Chordata', 'Vertebrata', 'Gnathostomata', 'Tetrapoda', 'Mammalia', 'Theria', 'Eutheria', 'Artiodactyla', 'Cervidae', 'Capreolinae', 'Mazama', 'Mazama gouazoubira', 'Mazama gouazoubira cita', 'Mazama gouazoubira gouazoubira', 'Mazama gouazoubira medemi', 'Mazama gouazoubira mexianae', 'Mazama gouazoubira murelia', 'Mazama gouazoubira nemorivaga', 'Mazama gouazoubira permira', 'Mazama gouazoubira rondoni', 'Mazama gouazoubira sanctaemartae', 'Mazama gouazoubira superciliaris', 'Mazama gouazoubira tschudii']"
3.11,a,common,cervus canadensis,elk,,,FIX
3.11,a,scientific,odocoileus hemionus columbianus,,2.0,,"['Animalia', 'Bilateria', 'Deuterostomia', 'Chordata', 'Vertebrata', 'Gnathostomata', 'Tetrapoda', 'Mammalia', 'Theria', 'Eutheria', 'Artiodactyla', 'Cervidae', 'Capreolinae', 'Odocoileus', 'Odocoileus hemionus', 'Odocoileus hemionus columbianus']"
3.11,a,scientific,odocoileus hemionus,,,,"['Animalia', 'Bilateria', 'Deuterostomia', 'Chordata', 'Vertebrata', 'Gnathostomata', 'Tetrapoda', 'Mammalia', 'Theria', 'Eutheria', 'Artiodactyla', 'Cervidae', 'Capreolinae', 'Odocoileus', 'Odocoileus hemionus', 'Odocoileus hemionus californicus', 'Odocoileus hemionus cerrosensis', 'Odocoileus hemionus columbianus', 'Odocoileus hemionus eremicus', 'Odocoileus hemionus fuliginatus', 'Odocoileus hemionus hemionus', 'Odocoileus hemionus inyoensis', 'Odocoileus hemionus peninsulae', 'Odocoileus hemionus sheldoni', 'Odocoileus hemionus sitkensis']"
3.12,i,scientific,odocoileus hemionus,,,,"['Animalia', 'Bilateria', 'Deuterostomia', 'Chordata', 'Vertebrata', 'Gnathostomata', 'Tetrapoda', 'Mammalia', 'Theria', 'Eutheria', 'Artiodactyla', 'Cervidae', 'Capreolinae', 'Odocoileus', 'Odocoileus hemionus', 'Odocoileus hemionus californicus', 'Odocoileus hemionus cerrosensis', 'Odocoileus hemionus columbianus', 'Odocoileus hemionus eremicus', 'Odocoileus hemionus fuliginatus', 'Odocoileus hemionus hemionus', 'Odocoileus hemionus inyoensis', 'Odocoileus hemionus peninsulae', 'Odocoileus hemionus sheldoni', 'Odocoileus hemionus sitkensis']"
3.13,a,scientific,odocoileus hemionus,,4.0,,"['Animalia', 'Bilateria', 'Deuterostomia', 'Chordata', 'Vertebrata', 'Gnathostomata', 'Tetrapoda', 'Mammalia', 'Theria', 'Eutheria', 'Artiodactyla', 'Cervidae', 'Capreolinae', 'Odocoileus', 'Odocoileus hemionus', 'Odocoileus hemionus californicus', 'Odocoileus hemionus cerrosensis', 'Odocoileus hemionus columbianus', 'Odocoileus hemionus eremicus', 'Odocoileus hemionus fuliginatus', 'Odocoileus hemionus hemionus', 'Odocoileus hemionus inyoensis', 'Odocoileus hemionus peninsulae', 'Odocoileus hemionus sheldoni', 'Odocoileus hemionus sitkensis']"
3.14,i,scientific,odocoileus hemionus,,,,"['Animalia', 'Bilateria', 'Deuterostomia', 'Chordata', 'Vertebrata', 'Gnathostomata', 'Tetrapoda', 'Mammalia', 'Theria', 'Eutheria', 'Artiodactyla', 'Cervidae', 'Capreolinae', 'Odocoileus', 'Odocoileus hemionus', 'Odocoileus hemionus californicus', 'Odocoileus hemionus cerrosensis', 'Odocoileus hemionus columbianus', 'Odocoileus hemionus eremicus', 'Odocoileus hemionus fuliginatus', 'Odocoileus hemionus hemionus', 'Odocoileus hemionus inyoensis', 'Odocoileus hemionus peninsulae', 'Odocoileus hemionus sheldoni', 'Odocoileus hemionus sitkensis']"
3.15,a,scientific,odocoileus hemionus columbianus,,,,"['Animalia', 'Bilateria', 'Deuterostomia', 'Chordata', 'Vertebrata', 'Gnathostomata', 'Tetrapoda', 'Mammalia', 'Theria', 'Eutheria', 'Artiodactyla', 'Cervidae', 'Capreolinae', 'Odocoileus', 'Odocoileus hemionus', 'Odocoileus hemionus columbianus']"
3.16,i,scientific,odocoileus virginianus,,,,"['Animalia', 'Bilateria', 'Deuterostomia', 'Chordata', 'Vertebrata', 'Gnathostomata', 'Tetrapoda', 'Mammalia', 'Theria', 'Eutheria', 'Artiodactyla', 'Cervidae', 'Capreolinae', 'Odocoileus', 'Odocoileus virginianus', 'Odocoileus virginianus acapulcensis', 'Odocoileus virginianus borealis', 'Odocoileus virginianus cariacou', 'Odocoileus virginianus carminis', 'Odocoileus virginianus chiriquensis', 'Odocoileus virginianus clavium', 'Odocoileus virginianus couesi', 'Odocoileus virginianus curassavicus', 'Odocoileus virginianus dacotensis', 'Odocoileus virginianus goudotii', 'Odocoileus virginianus gymnotis', 'Odocoileus virginianus hiltonensis', 'Odocoileus virginianus leucurus', 'Odocoileus virginianus macrourus', 'Odocoileus virginianus margaritae', 'Odocoileus virginianus mcilhennyi', 'Odocoileus virginianus mexicanus', 'Odocoileus virginianus miquihuanensis', 'Odocoileus virginianus nelsoni', 'Odocoileus virginianus nemoralis', 'Odocoileus virginianus nigribarbis', 'Odocoileus virginianus oaxacensis', 'Odocoileus virginianus ochrourus', 'Odocoileus virginianus osceola', 'Odocoileus virginianus peruvianus', 'Odocoileus virginianus rothschildi', 'Odocoileus virginianus seminolus', 'Odocoileus virginianus sinaloae', 'Odocoileus virginianus taurinsulae', 'Odocoileus virginianus texanus', 'Odocoileus virginianus thomasi', 'Odocoileus virginianus toltecus', 'Odocoileus virginianus tropicalis', 'Odocoileus virginianus ustus', 'Odocoileus virginianus venatorius', 'Odocoileus virginianus veraecrucis', 'Odocoileus virginianus virginianus', 'Odocoileus virginianus yucatanensis']"
3.17,a,scientific,odocoileus hemionus columbianus,,,,"['Animalia', 'Bilateria', 'Deuterostomia', 'Chordata', 'Vertebrata', 'Gnathostomata', 'Tetrapoda', 'Mammalia', 'Theria', 'Eutheria', 'Artiodactyla', 'Cervidae', 'Capreolinae', 'Odocoileus', 'Odocoileus hemionus', 'Odocoileus hemionus columbianus']"
3.17,a,scientific,odocoileus virginianus,,,,"['Animalia', 'Bilateria', 'Deuterostomia', 'Chordata', 'Vertebrata', 'Gnathostomata', 'Tetrapoda', 'Mammalia', 'Theria', 'Eutheria', 'Artiodactyla', 'Cervidae', 'Capreolinae', 'Odocoileus', 'Odocoileus virginianus', 'Odocoileus virginianus acapulcensis', 'Odocoileus virginianus borealis', 'Odocoileus virginianus cariacou', 'Odocoileus virginianus carminis', 'Odocoileus virginianus chiriquensis', 'Odocoileus virginianus clavium', 'Odocoileus virginianus couesi', 'Odocoileus virginianus curassavicus', 'Odocoileus virginianus dacotensis', 'Odocoileus virginianus goudotii', 'Odocoileus virginianus gymnotis', 'Odocoileus virginianus hiltonensis', 'Odocoileus virginianus leucurus', 'Odocoileus virginianus macrourus', 'Odocoileus virginianus margaritae', 'Odocoileus virginianus mcilhennyi', 'Odocoileus virginianus mexicanus', 'Odocoileus virginianus miquihuanensis', 'Odocoileus virginianus nelsoni', 'Odocoileus virginianus nemoralis', 'Odocoileus virginianus nigribarbis', 'Odocoileus virginianus oaxacensis', 'Odocoileus virginianus ochrourus', 'Odocoileus virginianus osceola', 'Odocoileus virginianus peruvianus', 'Odocoileus virginianus rothschildi', 'Odocoileus virginianus seminolus', 'Odocoileus virginianus sinaloae', 'Odocoileus virginianus taurinsulae', 'Odocoileus virginianus texanus', 'Odocoileus virginianus thomasi', 'Odocoileus virginianus toltecus', 'Odocoileus virginianus tropicalis', 'Odocoileus virginianus ustus', 'Odocoileus virginianus venatorius', 'Odocoileus virginianus veraecrucis', 'Odocoileus virginianus virginianus', 'Odocoileus virginianus yucatanensis']"
3.18,i,scientific,odocoileus virginianus,,,,"['Animalia', 'Bilateria', 'Deuterostomia', 'Chordata', 'Vertebrata', 'Gnathostomata', 'Tetrapoda', 'Mammalia', 'Theria', 'Eutheria', 'Artiodactyla', 'Cervidae', 'Capreolinae', 'Odocoileus', 'Odocoileus virginianus', 'Odocoileus virginianus acapulcensis', 'Odocoileus virginianus borealis', 'Odocoileus virginianus cariacou', 'Odocoileus virginianus carminis', 'Odocoileus virginianus chiriquensis', 'Odocoileus virginianus clavium', 'Odocoileus virginianus couesi', 'Odocoileus virginianus curassavicus', 'Odocoileus virginianus dacotensis', 'Odocoileus virginianus goudotii', 'Odocoileus virginianus gymnotis', 'Odocoileus virginianus hiltonensis', 'Odocoileus virginianus leucurus', 'Odocoileus virginianus macrourus', 'Odocoileus virginianus margaritae', 'Odocoileus virginianus mcilhennyi', 'Odocoileus virginianus mexicanus', 'Odocoileus virginianus miquihuanensis', 'Odocoileus virginianus nelsoni', 'Odocoileus virginianus nemoralis', 'Odocoileus virginianus nigribarbis', 'Odocoileus virginianus oaxacensis', 'Odocoileus virginianus ochrourus', 'Odocoileus virginianus osceola', 'Odocoileus virginianus peruvianus', 'Odocoileus virginianus rothschildi', 'Odocoileus virginianus seminolus', 'Odocoileus virginianus sinaloae', 'Odocoileus virginianus taurinsulae', 'Odocoileus virginianus texanus', 'Odocoileus virginianus thomasi', 'Odocoileus virginianus toltecus', 'Odocoileus virginianus tropicalis', 'Odocoileus virginianus ustus', 'Odocoileus virginianus venatorius', 'Odocoileus virginianus veraecrucis', 'Odocoileus virginianus virginianus', 'Odocoileus virginianus yucatanensis']"
3.20,i,scientific,odocoileus virginianus,,,,"['Animalia', 'Bilateria', 'Deuterostomia', 'Chordata', 'Vertebrata', 'Gnathostomata', 'Tetrapoda', 'Mammalia', 'Theria', 'Eutheria', 'Artiodactyla', 'Cervidae', 'Capreolinae', 'Odocoileus', 'Odocoileus virginianus', 'Odocoileus virginianus acapulcensis', 'Odocoileus virginianus borealis', 'Odocoileus virginianus cariacou', 'Odocoileus virginianus carminis', 'Odocoileus virginianus chiriquensis', 'Odocoileus virginianus clavium', 'Odocoileus virginianus couesi', 'Odocoileus virginianus curassavicus', 'Odocoileus virginianus dacotensis', 'Odocoileus virginianus goudotii', 'Odocoileus virginianus gymnotis', 'Odocoileus virginianus hiltonensis', 'Odocoileus virginianus leucurus', 'Odocoileus virginianus macrourus', 'Odocoileus virginianus margaritae', 'Odocoileus virginianus mcilhennyi', 'Odocoileus virginianus mexicanus', 'Odocoileus virginianus miquihuanensis', 'Odocoileus virginianus nelsoni', 'Odocoileus virginianus nemoralis', 'Odocoileus virginianus nigribarbis', 'Odocoileus virginianus oaxacensis', 'Odocoileus virginianus ochrourus', 'Odocoileus virginianus osceola', 'Odocoileus virginianus peruvianus', 'Odocoileus virginianus rothschildi', 'Odocoileus virginianus seminolus', 'Odocoileus virginianus sinaloae', 'Odocoileus virginianus taurinsulae', 'Odocoileus virginianus texanus', 'Odocoileus virginianus thomasi', 'Odocoileus virginianus toltecus', 'Odocoileus virginianus tropicalis', 'Odocoileus virginianus ustus', 'Odocoileus virginianus venatorius', 'Odocoileus virginianus veraecrucis', 'Odocoileus virginianus virginianus', 'Odocoileus virginianus yucatanensis']"
3.21,a,scientific,odocoileus hemionus sitkensis,,,,"['Animalia', 'Bilateria', 'Deuterostomia', 'Chordata', 'Vertebrata', 'Gnathostomata', 'Tetrapoda', 'Mammalia', 'Theria', 'Eutheria', 'Artiodactyla', 'Cervidae', 'Capreolinae', 'Odocoileus', 'Odocoileus hemionus', 'Odocoileus hemionus sitkensis']"
3.22,i,scientific,odocoileus virginianus,,,,"['Animalia', 'Bilateria', 'Deuterostomia', 'Chordata', 'Vertebrata', 'Gnathostomata', 'Tetrapoda', 'Mammalia', 'Theria', 'Eutheria', 'Artiodactyla', 'Cervidae', 'Capreolinae', 'Odocoileus', 'Odocoileus virginianus', 'Odocoileus virginianus acapulcensis', 'Odocoileus virginianus borealis', 'Odocoileus virginianus cariacou', 'Odocoileus virginianus carminis', 'Odocoileus virginianus chiriquensis', 'Odocoileus virginianus clavium', 'Odocoileus virginianus couesi', 'Odocoileus virginianus curassavicus', 'Odocoileus virginianus dacotensis', 'Odocoileus virginianus goudotii', 'Odocoileus virginianus gymnotis', 'Odocoileus virginianus hiltonensis', 'Odocoileus virginianus leucurus', 'Odocoileus virginianus macrourus', 'Odocoileus virginianus margaritae', 'Odocoileus virginianus mcilhennyi', 'Odocoileus virginianus mexicanus', 'Odocoileus virginianus miquihuanensis', 'Odocoileus virginianus nelsoni', 'Odocoileus virginianus nemoralis', 'Odocoileus virginianus nigribarbis', 'Odocoileus virginianus oaxacensis', 'Odocoileus virginianus ochrourus', 'Odocoileus virginianus osceola', 'Odocoileus virginianus peruvianus', 'Odocoileus virginianus rothschildi', 'Odocoileus virginianus seminolus', 'Odocoileus virginianus sinaloae', 'Odocoileus virginianus taurinsulae', 'Odocoileus virginianus texanus', 'Odocoileus virginianus thomasi', 'Odocoileus virginianus toltecus', 'Odocoileus virginianus tropicalis', 'Odocoileus virginianus ustus', 'Odocoileus virginianus venatorius', 'Odocoileus virginianus veraecrucis', 'Odocoileus virginianus virginianus', 'Odocoileus virginianus yucatanensis']"
